{
	"credit": "Made with Blockbench",
	"texture_size": [64, 64],
	"textures": {
		"0": "item/furniture/benches/paleoak_park_bench",
		"particle": "item/furniture/benches/paleoak_park_bench"
	},
	"elements": [
		{
			"from": [-7.5, 0, 1.5],
			"to": [-5.5, 13, 3.5],
			"rotation": {"angle": 0, "axis": "y", "origin": [-7.5, 0, 1.5]},
			"faces": {
				"north": {"uv": [8.25, 6.5, 8.75, 9.75], "texture": "#0"},
				"east": {"uv": [0, 8.5, 0.5, 11.75], "texture": "#0"},
				"south": {"uv": [0.5, 8.5, 1, 11.75], "texture": "#0"},
				"west": {"uv": [1, 8.5, 1.5, 11.75], "texture": "#0"},
				"up": {"uv": [5, 9.5, 4.5, 9], "texture": "#0"},
				"down": {"uv": [5.5, 9, 5, 9.5], "texture": "#0"}
			}
		},
		{
			"from": [-8, 0, 12.5],
			"to": [-5, 21, 15.5],
			"rotation": {"angle": 0, "axis": "y", "origin": [-8, 0, 13.5]},
			"faces": {
				"north": {"uv": [6.75, 2.5, 7.5, 7.75], "texture": "#0"},
				"east": {"uv": [7.5, 2.5, 8.25, 7.75], "texture": "#0"},
				"south": {"uv": [6.75, 7.75, 7.5, 13], "texture": "#0"},
				"west": {"uv": [7.5, 7.75, 8.25, 13], "texture": "#0"},
				"up": {"uv": [3.75, 9.75, 3, 9], "texture": "#0"},
				"down": {"uv": [4.5, 9, 3.75, 9.75], "texture": "#0"}
			}
		},
		{
			"from": [21, 0, 12.5],
			"to": [24, 21, 15.5],
			"rotation": {"angle": 0, "axis": "y", "origin": [21, 0, 13.5]},
			"faces": {
				"north": {"uv": [6.75, 2.5, 7.5, 7.75], "texture": "#0"},
				"east": {"uv": [7.5, 2.5, 8.25, 7.75], "texture": "#0"},
				"south": {"uv": [6.75, 7.75, 7.5, 13], "texture": "#0"},
				"west": {"uv": [7.5, 7.75, 8.25, 13], "texture": "#0"},
				"up": {"uv": [3.75, 9.75, 3, 9], "texture": "#0"},
				"down": {"uv": [4.5, 9, 3.75, 9.75], "texture": "#0"}
			}
		},
		{
			"from": [21.5, 0, 1.5],
			"to": [23.5, 13, 3.5],
			"rotation": {"angle": 0, "axis": "y", "origin": [21.5, 0, 1.5]},
			"faces": {
				"north": {"uv": [8.25, 6.5, 8.75, 9.75], "texture": "#0"},
				"east": {"uv": [0, 8.5, 0.5, 11.75], "texture": "#0"},
				"south": {"uv": [0.5, 8.5, 1, 11.75], "texture": "#0"},
				"west": {"uv": [1, 8.5, 1.5, 11.75], "texture": "#0"},
				"up": {"uv": [5, 9.5, 4.5, 9], "texture": "#0"},
				"down": {"uv": [5.5, 9, 5, 9.5], "texture": "#0"}
			}
		},
		{
			"from": [21.5, 13, 0.5],
			"to": [23.5, 14, 12.5],
			"rotation": {"angle": 0, "axis": "y", "origin": [21.5, 13, -0.5]},
			"faces": {
				"north": {"uv": [4.5, 9.5, 5, 9.75], "texture": "#0"},
				"east": {"uv": [9.25, 8, 12.25, 8.25], "texture": "#0"},
				"south": {"uv": [5, 9.5, 5.5, 9.75], "texture": "#0"},
				"west": {"uv": [9.25, 8.25, 12.25, 8.5], "texture": "#0"},
				"up": {"uv": [2, 11.5, 1.5, 8.5], "texture": "#0"},
				"down": {"uv": [2.5, 8.5, 2, 11.5], "texture": "#0"}
			}
		},
		{
			"from": [-7.5, 13, 0.5],
			"to": [-5.5, 14, 12.5],
			"rotation": {"angle": 0, "axis": "y", "origin": [-7.5, 13, -0.5]},
			"faces": {
				"north": {"uv": [4.5, 9.5, 5, 9.75], "texture": "#0"},
				"east": {"uv": [9.25, 8, 12.25, 8.25], "texture": "#0"},
				"south": {"uv": [5, 9.5, 5.5, 9.75], "texture": "#0"},
				"west": {"uv": [9.25, 8.25, 12.25, 8.5], "texture": "#0"},
				"up": {"uv": [2, 11.5, 1.5, 8.5], "texture": "#0"},
				"down": {"uv": [2.5, 8.5, 2, 11.5], "texture": "#0"}
			}
		},
		{
			"from": [-7.5, 7, 3.5],
			"to": [-5.5, 9, 12.5],
			"rotation": {"angle": 0, "axis": "y", "origin": [-7.5, 7, -0.5]},
			"faces": {
				"north": {"uv": [9.25, 8.5, 9.75, 9], "texture": "#0"},
				"east": {"uv": [8.75, 7, 11, 7.5], "texture": "#0"},
				"south": {"uv": [9.25, 9, 9.75, 9.5], "texture": "#0"},
				"west": {"uv": [8.75, 7.5, 11, 8], "texture": "#0"},
				"up": {"uv": [9.25, 10.25, 8.75, 8], "texture": "#0"},
				"down": {"uv": [3, 9, 2.5, 11.25], "texture": "#0"}
			}
		},
		{
			"from": [-6.5, 9, 3.5],
			"to": [-6.5, 13, 12.5],
			"rotation": {"angle": 0, "axis": "y", "origin": [-7.5, 9, -0.5]},
			"faces": {
				"north": {"uv": [0, 0, 0, 1], "texture": "#0"},
				"east": {"uv": [10.5, 4.5, 8.25, 5.5], "texture": "#0"},
				"south": {"uv": [0, 0, 0, 1], "texture": "#0"},
				"west": {"uv": [8.25, 4.5, 10.5, 5.5], "texture": "#0"},
				"up": {"uv": [0, 2.25, 0, 0], "texture": "#0"},
				"down": {"uv": [0, 0, 0, 2.25], "texture": "#0"}
			}
		},
		{
			"from": [22.5, 9, 3.5],
			"to": [22.5, 13, 12.5],
			"rotation": {"angle": 0, "axis": "y", "origin": [21.5, 9, -0.5]},
			"faces": {
				"north": {"uv": [0, 0, 0, 1], "texture": "#0"},
				"east": {"uv": [10.5, 4.5, 8.25, 5.5], "texture": "#0"},
				"south": {"uv": [0, 0, 0, 1], "texture": "#0"},
				"west": {"uv": [8.25, 4.5, 10.5, 5.5], "texture": "#0"},
				"up": {"uv": [0, 2.25, 0, 0], "texture": "#0"},
				"down": {"uv": [0, 0, 0, 2.25], "texture": "#0"}
			}
		},
		{
			"from": [21.5, 7, 3.5],
			"to": [23.5, 9, 12.5],
			"rotation": {"angle": 0, "axis": "y", "origin": [21.5, 7, -0.5]},
			"faces": {
				"north": {"uv": [9.25, 8.5, 9.75, 9], "texture": "#0"},
				"east": {"uv": [8.75, 7, 11, 7.5], "texture": "#0"},
				"south": {"uv": [9.25, 9, 9.75, 9.5], "texture": "#0"},
				"west": {"uv": [8.75, 7.5, 11, 8], "texture": "#0"},
				"up": {"uv": [9.25, 10.25, 8.75, 8], "texture": "#0"},
				"down": {"uv": [3, 9, 2.5, 11.25], "texture": "#0"}
			}
		},
		{
			"from": [-5.5, 6.5, 0.5],
			"to": [21.5, 8.5, 12.5],
			"rotation": {"angle": 0, "axis": "y", "origin": [19.5, 6.5, -0.5]},
			"faces": {
				"north": {"uv": [0, 6.25, 6.75, 5.75], "texture": "#0"},
				"east": {"uv": [2.25, 7, 5.25, 7.5], "texture": "#0"},
				"south": {"uv": [0, 5.75, 6.75, 6.25], "texture": "#0"},
				"west": {"uv": [2.25, 7, 5.25, 7.5], "texture": "#0"},
				"up": {"uv": [6.75, 3, 0, 0], "texture": "#0"},
				"down": {"uv": [6.75, 6, 0, 3], "texture": "#0"}
			}
		},
		{
			"from": [-5.5, 8.5, 13],
			"to": [21, 20.5, 15],
			"rotation": {"angle": 0, "axis": "x", "origin": [19.5, 9.5, 15]},
			"faces": {
				"north": {"uv": [0, 5, 6.625, 8], "texture": "#0"},
				"east": {"uv": [5.5, 8.5, 6, 11.5], "texture": "#0"},
				"south": {"uv": [0, 0, 6.625, 3], "texture": "#0"},
				"west": {"uv": [6, 8.5, 6.5, 11.5], "texture": "#0"},
				"up": {"uv": [6.625, 3.75, 0, 4.25], "texture": "#0"},
				"down": {"uv": [6.625, 4.25, 0, 3.75], "texture": "#0"}
			}
		}
	],
	"display": {
		"thirdperson_righthand": {
			"rotation": [75, 45, 0],
			"translation": [1.5, 4.25, 0],
			"scale": [0.33, 0.33, 0.33]
		},
		"thirdperson_lefthand": {
			"rotation": [75, 45, 0],
			"translation": [1.5, 4.25, 0],
			"scale": [0.33, 0.33, 0.33]
		},
		"firstperson_righthand": {
			"rotation": [0, 45, 0],
			"scale": [0.4, 0.4, 0.4]
		},
		"firstperson_lefthand": {
			"rotation": [0, 45, 0],
			"scale": [0.4, 0.4, 0.4]
		},
		"ground": {
			"translation": [0, 3, 0],
			"scale": [0.25, 0.25, 0.25]
		},
		"gui": {
			"rotation": [30, 135, 0],
			"translation": [0, -1, 0],
			"scale": [0.43, 0.43, 0.43]
		},
		"head": {
			"translation": [0, 8, 0]
		},
		"fixed": {
			"rotation": [-90, 0, 0],
			"translation": [16, 0, -16],
			"scale": [2, 2, 2]
		}
	}
}