{
	"credit": "Made with Blockbench",
	"texture_size": [64, 64],
	"textures": {
		"0": "item/furniture/benches/wooden_oak_bench",
		"particle": "item/furniture/benches/wooden_oak_bench"
	},
	"elements": [
		{
			"from": [-4, 4, 13.5],
			"to": [20, 6, 15.5],
			"faces": {
				"north": {"uv": [8, 0, 14, 0.5], "texture": "#0"},
				"south": {"uv": [8, 0, 14, 0.5], "texture": "#0"},
				"up": {"uv": [8, 0, 14, 0.5], "texture": "#0"},
				"down": {"uv": [14, 0.5, 8, 0], "texture": "#0"}
			}
		},
		{
			"from": [20, 0, 13],
			"to": [23, 22, 16],
			"faces": {
				"north": {"uv": [2.25, 4.5, 3, 10], "texture": "#0"},
				"east": {"uv": [2.25, 4.5, 3, 10], "texture": "#0"},
				"south": {"uv": [2.25, 4.5, 3, 10], "texture": "#0"},
				"west": {"uv": [2.25, 4.5, 3, 10], "texture": "#0"},
				"up": {"uv": [8.75, 2.25, 8, 1.5], "texture": "#0"},
				"down": {"uv": [8.75, 2.25, 8, 3], "texture": "#0"}
			}
		},
		{
			"from": [-7, 0, 13],
			"to": [-4, 22, 16],
			"faces": {
				"north": {"uv": [2.25, 4.5, 3, 10], "texture": "#0"},
				"east": {"uv": [2.25, 4.5, 3, 10], "texture": "#0"},
				"south": {"uv": [2.25, 4.5, 3, 10], "texture": "#0"},
				"west": {"uv": [2.25, 4.5, 3, 10], "texture": "#0"},
				"up": {"uv": [8.75, 2.25, 8, 1.5], "texture": "#0"},
				"down": {"uv": [8.75, 2.25, 8, 3], "texture": "#0"}
			}
		},
		{
			"from": [-8, 8, 7],
			"to": [24, 10, 12],
			"faces": {
				"north": {"uv": [3, 4.5, 11, 5], "texture": "#0"},
				"east": {"uv": [8, 0.5, 9.25, 1], "texture": "#0"},
				"south": {"uv": [3, 4.5, 11, 5], "texture": "#0"},
				"west": {"uv": [8, 0.5, 9.25, 1], "texture": "#0"},
				"up": {"uv": [8, 2.5, 0, 1.25], "texture": "#0"},
				"down": {"uv": [8, 0, 0, 1.25], "texture": "#0"}
			}
		},
		{
			"from": [-6.5, 6, 1],
			"to": [-4.5, 8, 13],
			"faces": {
				"north": {"uv": [0, 4, 0.5, 4.5], "rotation": 90, "texture": "#0"},
				"east": {"uv": [0, 3.5, 3, 4], "texture": "#0"},
				"west": {"uv": [0, 3.5, 3, 4], "texture": "#0"},
				"up": {"uv": [3, 4, 6, 4.5], "rotation": 90, "texture": "#0"},
				"down": {"uv": [3, 3.5, 6, 4], "rotation": 90, "texture": "#0"}
			}
		},
		{
			"from": [20.5, 6, 1],
			"to": [22.5, 8, 13],
			"faces": {
				"north": {"uv": [0, 4, 0.5, 4.5], "rotation": 90, "texture": "#0"},
				"east": {"uv": [0, 3.5, 3, 4], "texture": "#0"},
				"west": {"uv": [0, 3.5, 3, 4], "texture": "#0"},
				"up": {"uv": [3, 4, 0, 3.5], "rotation": 90, "texture": "#0"},
				"down": {"uv": [3, 3.5, 0, 4], "rotation": 90, "texture": "#0"}
			}
		},
		{
			"from": [-8, 12, 11],
			"to": [24, 16, 13],
			"faces": {
				"north": {"uv": [0, 2.5, 8, 3.5], "texture": "#0"},
				"east": {"uv": [3.5, 8, 3, 9], "texture": "#0"},
				"south": {"uv": [0, 2.5, 8, 3.5], "texture": "#0"},
				"west": {"uv": [3, 8, 3.5, 9], "texture": "#0"},
				"up": {"uv": [11, 6, 3, 5.5], "texture": "#0"},
				"down": {"uv": [11, 5.5, 3, 6], "texture": "#0"}
			}
		},
		{
			"from": [-8, 17, 11],
			"to": [24, 21, 13],
			"faces": {
				"north": {"uv": [0, 2.5, 8, 3.5], "texture": "#0"},
				"east": {"uv": [3.5, 8, 3, 9], "texture": "#0"},
				"south": {"uv": [0, 2.5, 8, 3.5], "texture": "#0"},
				"west": {"uv": [3, 8, 3.5, 9], "texture": "#0"},
				"up": {"uv": [11, 6, 3, 5.5], "texture": "#0"},
				"down": {"uv": [11, 5.5, 3, 6], "texture": "#0"}
			}
		},
		{
			"from": [-8, 8, 1],
			"to": [24, 10, 6],
			"faces": {
				"north": {"uv": [3, 4.5, 11, 5], "texture": "#0"},
				"east": {"uv": [8, 0.5, 9.25, 1], "texture": "#0"},
				"south": {"uv": [3, 4.5, 11, 5], "texture": "#0"},
				"west": {"uv": [8, 0.5, 9.25, 1], "texture": "#0"},
				"up": {"uv": [8, 1.25, 0, 0], "texture": "#0"},
				"down": {"uv": [8, 0, 0, 1.25], "texture": "#0"}
			}
		}
	],
	"display": {
		"thirdperson_righthand": {
			"rotation": [75, 45, 0],
			"translation": [1.5, 2.5, -3.25],
			"scale": [0.31, 0.31, 0.31]
		},
		"thirdperson_lefthand": {
			"rotation": [75, 45, 0],
			"translation": [1.5, 2.5, -3.25],
			"scale": [0.31, 0.31, 0.31]
		},
		"firstperson_righthand": {
			"rotation": [0, 45, 0],
			"translation": [0.75, 0, 0],
			"scale": [0.3, 0.3, 0.3]
		},
		"firstperson_lefthand": {
			"rotation": [0, 45, 0],
			"translation": [0.75, 0, 0],
			"scale": [0.3, 0.3, 0.3]
		},
		"ground": {
			"translation": [0, 3, 0],
			"scale": [0.25, 0.25, 0.25]
		},
		"gui": {
			"rotation": [30, 135, 0],
			"translation": [0, -2.25, 0],
			"scale": [0.45, 0.45, 0.45]
		},
		"head": {
			"translation": [0, 4.25, 0]
		},
		"fixed": {
			"rotation": [-90, 0, 0],
			"translation": [16, 0, -16],
			"scale": [2, 2, 2]
		}
	}
}