{
	"parent": "stone",
	"texture_size": [128, 128],
	"textures": {
		"0": "item/furniture/boards/darkoak_shelf_board",
		"particle": "item/furniture/boards/darkoak_shelf_board"
	},
	"elements": [
		{
			"from": [20, -16, 1],
			"to": [23, -14, 4],
			"faces": {
				"north": {"uv": [5.5, 0.5, 5.875, 0.75], "texture": "#0"},
				"east": {"uv": [5.875, 0.5, 5.5, 0.75], "texture": "#0"},
				"south": {"uv": [5.5, 0.5, 5.875, 0.75], "texture": "#0"},
				"west": {"uv": [5.5, 0.5, 5.875, 0.75], "texture": "#0"},
				"down": {"uv": [5.875, 0.5, 6.25, 0.875], "texture": "#0"}
			}
		},
		{
			"from": [-7, -14, 1],
			"to": [23, -1, 15],
			"rotation": {"angle": 0, "axis": "y", "origin": [8, -7.5, 8]},
			"faces": {
				"north": {"uv": [1.75, 0, 5.5, 1.625], "texture": "#0"},
				"east": {"uv": [1.75, 0, 0, 1.625], "texture": "#0"},
				"south": {"uv": [0, 1.625, 3.75, 3.25], "texture": "#0"},
				"west": {"uv": [0, 0, 1.75, 1.625], "texture": "#0"},
				"down": {"uv": [0, 3.25, 3.75, 5], "texture": "#0"}
			}
		},
		{
			"from": [-7.1, -1.2, -0.1],
			"to": [23.1, 0, 15.1],
			"faces": {
				"north": {"uv": [0, 3.25, 3.75, 3.375], "texture": "#0"},
				"east": {"uv": [0, 4.25, 1.875, 4.375], "texture": "#0"},
				"south": {"uv": [3.875, 5, 7.625, 5.125], "texture": "#0"},
				"west": {"uv": [1.875, 4.25, 0, 4.375], "texture": "#0"},
				"up": {"uv": [0, 3.25, 3.75, 5.125], "texture": "#0"},
				"down": {"uv": [0, 3.25, 3.75, 5.125], "texture": "#0"}
			}
		},
		{
			"from": [-7, 16, 3],
			"to": [23, 29, 15],
			"faces": {
				"north": {"uv": [0, 6, 3.75, 7.625], "texture": "#0"},
				"east": {"uv": [5.5, 1.625, 4, 3.25], "texture": "#0"},
				"south": {"uv": [3.875, 4.25, 7.625, 5.875], "texture": "#0"},
				"west": {"uv": [4, 1.625, 5.5, 3.25], "texture": "#0"},
				"down": {"uv": [3.75, 6, 7.5, 7.5], "texture": "#0"}
			}
		},
		{
			"from": [-7, 29, 2],
			"to": [23, 30, 15],
			"faces": {
				"north": {"uv": [3.875, 4.125, 7.625, 4.25], "texture": "#0"},
				"east": {"uv": [3.875, 4.125, 5.5, 4.25], "texture": "#0"},
				"south": {"uv": [3.875, 4.125, 7.625, 4.25], "texture": "#0"},
				"west": {"uv": [3.875, 4.125, 5.5, 4.25], "texture": "#0"},
				"up": {"uv": [0, 3.25, 3.75, 4.875], "texture": "#0"},
				"down": {"uv": [3.75, 6, 7.5, 7.625], "texture": "#0"}
			}
		},
		{
			"from": [-7, 0, 14],
			"to": [23, 16, 15],
			"faces": {
				"north": {"uv": [7.875, 0, 11.625, 2], "texture": "#0"},
				"east": {"uv": [0, 0, 0.125, 2], "texture": "#0"},
				"south": {"uv": [3.875, 4, 7.625, 6], "texture": "#0"},
				"west": {"uv": [0, 0, 0.125, 2], "texture": "#0"}
			}
		},
		{
			"from": [-6, 7, 6],
			"to": [22, 8, 14],
			"faces": {
				"north": {"uv": [0.125, 4.25, 3.625, 4.375], "texture": "#0"},
				"up": {"uv": [0.125, 4.25, 3.625, 3.25], "texture": "#0"},
				"down": {"uv": [0.125, 3.25, 3.625, 4.25], "texture": "#0"}
			}
		},
		{
			"from": [22, 0, 3],
			"to": [23, 16, 14],
			"faces": {
				"north": {"uv": [5.875, 1, 6, 3], "texture": "#0"},
				"east": {"uv": [7.375, 1, 6, 3], "texture": "#0"},
				"west": {"uv": [7.875, 2, 9.25, 4], "texture": "#0"}
			}
		},
		{
			"from": [-7, 0, 3],
			"to": [-6, 16, 14],
			"faces": {
				"north": {"uv": [5.875, 1, 6, 3], "texture": "#0"},
				"east": {"uv": [9.25, 2, 7.875, 4], "texture": "#0"},
				"west": {"uv": [6, 1, 7.375, 3], "texture": "#0"}
			}
		},
		{
			"from": [-7, -16, 1],
			"to": [-4, -14, 4],
			"faces": {
				"north": {"uv": [5.5, 0.5, 5.875, 0.75], "texture": "#0"},
				"east": {"uv": [5.5, 0.5, 5.875, 0.75], "texture": "#0"},
				"south": {"uv": [5.5, 0.5, 5.875, 0.75], "texture": "#0"},
				"west": {"uv": [5.5, 0.5, 5.875, 0.75], "texture": "#0"},
				"down": {"uv": [5.875, 0.5, 6.25, 0.875], "texture": "#0"}
			}
		},
		{
			"from": [-7, -16, 12],
			"to": [-4, -14, 15],
			"faces": {
				"north": {"uv": [5.5, 0.5, 5.875, 0.75], "texture": "#0"},
				"east": {"uv": [5.5, 0.5, 5.875, 0.75], "texture": "#0"},
				"south": {"uv": [5.5, 0.5, 5.875, 0.75], "texture": "#0"},
				"west": {"uv": [5.5, 0.5, 5.875, 0.75], "texture": "#0"},
				"down": {"uv": [5.875, 0.5, 6.25, 0.875], "texture": "#0"}
			}
		},
		{
			"from": [20, -16, 12],
			"to": [23, -14, 15],
			"faces": {
				"north": {"uv": [5.5, 0.5, 5.875, 0.75], "texture": "#0"},
				"east": {"uv": [5.875, 0.5, 5.5, 0.75], "texture": "#0"},
				"south": {"uv": [5.5, 0.5, 5.875, 0.75], "texture": "#0"},
				"west": {"uv": [5.5, 0.5, 5.875, 0.75], "texture": "#0"},
				"down": {"uv": [5.875, 0.5, 6.25, 0.875], "texture": "#0"}
			}
		}
	],
	"display": {
		"thirdperson_righthand": {
			"rotation": [75, 45, 0],
			"translation": [0.75, 2, 0],
			"scale": [0.18, 0.18, 0.18]
		},
		"thirdperson_lefthand": {
			"rotation": [75, 45, 0],
			"translation": [0.75, 2, 0],
			"scale": [0.18, 0.18, 0.18]
		},
		"firstperson_righthand": {
			"rotation": [0, 89, 0],
			"translation": [0.25, 2, 0],
			"scale": [0.17, 0.17, 0.17]
		},
		"firstperson_lefthand": {
			"rotation": [0, 89, 0],
			"translation": [0.25, 2, 0],
			"scale": [0.17, 0.17, 0.17]
		},
		"ground": {
			"translation": [0, 3, 0],
			"scale": [0.25, 0.25, 0.25]
		},
		"gui": {
			"rotation": [30, 135, 0],
			"translation": [0, 0.25, 0],
			"scale": [0.28, 0.28, 0.28]
		},
		"head": {
			"translation": [0, 3.25, 0],
			"scale": [2, 2, 2]
		},
		"fixed": {
			"rotation": [-90, 0, 0],
			"translation": [16, 0, -48],
			"scale": [2, 2, 2]
		}
	}
}