{
	"texture_size": [64, 64],
	"textures": {
		"0": "item/furniture/boards/small_paleoak_dresser",
		"particle": "item/furniture/boards/small_paleoak_dresser"
	},
	"elements": [
		{
			"from": [13, 0, 1],
			"to": [15, 2, 3],
			"faces": {
				"north": {"uv": [3.75, 5, 3.25, 4.5], "texture": "#0"},
				"east": {"uv": [3.75, 5, 3.25, 4.5], "texture": "#0"},
				"south": {"uv": [3.75, 5, 3.25, 4.5], "texture": "#0"},
				"west": {"uv": [3.75, 5, 3.25, 4.5], "texture": "#0"},
				"down": {"uv": [7.5, 10.75, 7, 11.25], "texture": "#0"}
			}
		},
		{
			"from": [1, 0, 1],
			"to": [3, 2, 3],
			"faces": {
				"north": {"uv": [3.75, 5, 3.25, 4.5], "texture": "#0"},
				"east": {"uv": [3.75, 5, 3.25, 4.5], "texture": "#0"},
				"south": {"uv": [3.75, 5, 3.25, 4.5], "texture": "#0"},
				"west": {"uv": [3.75, 5, 3.25, 4.5], "texture": "#0"},
				"down": {"uv": [7.5, 10.75, 7, 11.25], "texture": "#0"}
			}
		},
		{
			"from": [1, 0, 13],
			"to": [3, 2, 15],
			"faces": {
				"north": {"uv": [3.75, 5, 3.25, 4.5], "texture": "#0"},
				"east": {"uv": [3.75, 5, 3.25, 4.5], "texture": "#0"},
				"south": {"uv": [3.75, 5, 3.25, 4.5], "texture": "#0"},
				"west": {"uv": [3.75, 5, 3.25, 4.5], "texture": "#0"},
				"down": {"uv": [7.5, 10.75, 7, 11.25], "texture": "#0"}
			}
		},
		{
			"from": [13, 0, 13],
			"to": [15, 2, 15],
			"faces": {
				"north": {"uv": [3.75, 5, 3.25, 4.5], "texture": "#0"},
				"east": {"uv": [3.75, 5, 3.25, 4.5], "texture": "#0"},
				"south": {"uv": [3.75, 5, 3.25, 4.5], "texture": "#0"},
				"west": {"uv": [3.75, 5, 3.25, 4.5], "texture": "#0"},
				"down": {"uv": [7.5, 10.75, 7, 11.25], "texture": "#0"}
			}
		},
		{
			"from": [1, 2, 1],
			"to": [15, 31, 15],
			"faces": {
				"north": {"uv": [0, 0, 3.5, 7.25], "texture": "#0"},
				"east": {"uv": [3.5, 0, 7, 7.25], "texture": "#0"},
				"south": {"uv": [3.5, 0, 7, 7.25], "texture": "#0"},
				"west": {"uv": [7, 0, 3.5, 7.25], "texture": "#0"},
				"down": {"uv": [7.25, 7.5, 3.75, 11], "texture": "#0"}
			}
		},
		{
			"from": [0, 31, 0],
			"to": [16, 32, 16],
			"faces": {
				"north": {"uv": [3.5, 2.75, 3.75, 6.75], "rotation": 90, "texture": "#0"},
				"east": {"uv": [3.5, 2.75, 3.75, 6.75], "rotation": 90, "texture": "#0"},
				"south": {"uv": [3.5, 2.75, 3.75, 6.75], "rotation": 90, "texture": "#0"},
				"west": {"uv": [3.5, 2.75, 3.75, 6.75], "rotation": 90, "texture": "#0"},
				"up": {"uv": [7.5, 11.25, 3.5, 7.25], "texture": "#0"},
				"down": {"uv": [7.5, 7.25, 3.5, 11.25], "texture": "#0"}
			}
		}
	],
	"display": {
		"thirdperson_righthand": {
			"rotation": [75, 45, 0],
			"translation": [0, 1.5, -5],
			"scale": [0.375, 0.375, 0.375]
		},
		"thirdperson_lefthand": {
			"rotation": [75, 45, 0],
			"translation": [0, 1.5, -5],
			"scale": [0.375, 0.375, 0.375]
		},
		"firstperson_righthand": {
			"rotation": [0, 91, 0],
			"scale": [0.25, 0.25, 0.25]
		},
		"firstperson_lefthand": {
			"rotation": [0, 91, 0],
			"scale": [0.25, 0.25, 0.25]
		},
		"ground": {
			"translation": [0, 3, 0],
			"scale": [0.25, 0.25, 0.25]
		},
		"gui": {
			"rotation": [30, 135, 0],
			"translation": [0, -3, 0],
			"scale": [0.4, 0.4, 0.4]
		},
		"head": {
			"translation": [0, 12.5, 0]
		},
		"fixed": {
			"rotation": [-90, 0, 0],
			"translation": [0, 0, -16],
			"scale": [2, 2, 2]
		}
	}
}