{
	"texture_size": [64, 64],
	"textures": {
		"0": "item/furniture/boards/warped_cabinet",
		"particle": "item/furniture/boards/warped_cabinet"
	},
	"elements": [
		{
			"from": [-8, 0, 0],
			"to": [24, 2, 16],
			"faces": {
				"north": {"uv": [0, 7.75, 8, 7.25], "texture": "#0"},
				"east": {"uv": [4, 7.75, 8, 7.25], "texture": "#0"},
				"south": {"uv": [0, 7.75, 8, 7.25], "texture": "#0"},
				"west": {"uv": [0, 7.75, 4, 7.25], "texture": "#0"},
				"up": {"uv": [3.5, 7.75, 11.5, 11.75], "texture": "#0"},
				"down": {"uv": [3.5, 7.75, 11.5, 11.75], "texture": "#0"}
			}
		},
		{
			"from": [-8, 31, 0],
			"to": [24, 32, 16],
			"faces": {
				"north": {"uv": [7, 7.25, 15, 7.5], "texture": "#0"},
				"east": {"uv": [7, 7.25, 11, 7.5], "texture": "#0"},
				"south": {"uv": [7, 7.25, 15, 7.5], "texture": "#0"},
				"west": {"uv": [7, 7.25, 11, 7.5], "texture": "#0"},
				"up": {"uv": [3.5, 7.75, 11.5, 11.75], "texture": "#0"},
				"down": {"uv": [3.5, 7.75, 11.5, 11.75], "texture": "#0"}
			}
		},
		{
			"from": [-7, 2, 1],
			"to": [23, 31, 15],
			"faces": {
				"north": {"uv": [0, 0, 7.5, 7.25], "texture": "#0"},
				"east": {"uv": [0, 7.25, 3.5, 14.5], "texture": "#0"},
				"south": {"uv": [7.5, 0, 15, 7.25], "texture": "#0"},
				"west": {"uv": [3.5, 7.25, 0, 14.5], "texture": "#0"}
			}
		}
	],
	"display": {
		"thirdperson_righthand": {
			"rotation": [75, 45, 0],
			"translation": [2.5, 2.25, -5.75],
			"scale": [0.3, 0.3, 0.3]
		},
		"thirdperson_lefthand": {
			"rotation": [75, 45, 0],
			"translation": [2.5, 2.25, -5.75],
			"scale": [0.3, 0.3, 0.3]
		},
		"firstperson_righthand": {
			"rotation": [0, 81, 0],
			"scale": [0.3, 0.3, 0.3]
		},
		"firstperson_lefthand": {
			"rotation": [0, 81, 0],
			"scale": [0.3, 0.3, 0.3]
		},
		"ground": {
			"translation": [0, 3, 0],
			"scale": [0.25, 0.25, 0.25]
		},
		"gui": {
			"rotation": [30, 135, 0],
			"translation": [0, -2.5, 0],
			"scale": [0.35, 0.35, 0.35]
		},
		"head": {
			"translation": [0, 14.25, 0]
		},
		"fixed": {
			"rotation": [-90, 0, 0],
			"translation": [16, 0, -16],
			"scale": [2, 2, 2]
		}
	}
}