{
	"texture_size": [64, 64],
	"textures": {
		"0": "bil:item/darkoak_chest.ajmodel/texture",
		"particle": "bil:item/darkoak_chest.ajmodel/texture"
	},
	"elements": [
		{
			"from": [-3, 0, 0],
			"to": [19, 8, 16],
			"rotation": {"angle": 0, "axis": "y", "origin": [8, 0, 8]},
			"faces": {
				"north": {"uv": [0, 8, 5.5, 10], "texture": "#0"},
				"east": {"uv": [11, 0, 15, 2], "texture": "#0"},
				"south": {"uv": [5.5, 8, 11, 10], "texture": "#0"},
				"west": {"uv": [11, 2, 15, 4], "texture": "#0"},
				"up": {"uv": [5.5, 4, 0, 0], "texture": "#0"},
				"down": {"uv": [5.5, 4, 0, 8], "texture": "#0"}
			}
		},
		{
			"from": [-3.25, 7.75, -0.25],
			"to": [19.25, 14.25, 16.25],
			"rotation": {"angle": 0, "axis": "y", "origin": [8, 9, 8]},
			"faces": {
				"north": {"uv": [0, 10, 5.5, 11.5], "texture": "#0"},
				"east": {"uv": [11, 4, 15, 5.5], "texture": "#0"},
				"south": {"uv": [5.5, 10, 11, 11.5], "texture": "#0"},
				"west": {"uv": [11, 5.5, 15, 7], "texture": "#0"},
				"up": {"uv": [11, 4, 5.5, 0], "texture": "#0"},
				"down": {"uv": [11, 4, 5.5, 8], "texture": "#0"}
			}
		},
		{
			"name": "latch",
			"from": [7, 6.5, -0.75],
			"to": [9, 9.5, 0.25],
			"rotation": {"angle": 0, "axis": "y", "origin": [8, 6.5, 0.25]},
			"faces": {
				"north": {"uv": [11.75, 14.25, 12.25, 15], "texture": "#0"},
				"east": {"uv": [11.75, 14.25, 12, 15], "texture": "#0"},
				"south": {"uv": [11.75, 14.25, 12.25, 15], "texture": "#0"},
				"west": {"uv": [11.75, 14.25, 12, 15], "texture": "#0"},
				"up": {"uv": [11.75, 14.25, 12.25, 14.5], "texture": "#0"},
				"down": {"uv": [11.75, 14.25, 12.25, 14.5], "texture": "#0"}
			}
		}
	],
	"display": {
		"thirdperson_righthand": {
			"rotation": [75, 45, 0],
			"translation": [0, 2.5, 0],
			"scale": [0.375, 0.375, 0.375]
		},
		"thirdperson_lefthand": {
			"rotation": [75, 45, 0],
			"translation": [0, 2.5, 0],
			"scale": [0.375, 0.375, 0.375]
		},
		"firstperson_righthand": {
			"rotation": [0, 45, 0],
			"translation": [0, 1.5, 0],
			"scale": [0.4, 0.4, 0.4]
		},
		"firstperson_lefthand": {
			"rotation": [0, 45, 0],
			"translation": [0, 1.5, 0],
			"scale": [0.4, 0.4, 0.4]
		},
		"ground": {
			"translation": [0, 3, 0],
			"scale": [0.25, 0.25, 0.25]
		},
		"gui": {
			"rotation": [30, 135, 0],
			"translation": [0, 0.25, 0],
			"scale": [0.54, 0.54, 0.54]
		},
		"head": {
			"translation": [0, 14.25, 0]
		}
	},
	"groups": [
		{
			"name": "bottom",
			"origin": [8, 0, 7],
			"color": 0,
			"nbt": "{}",
			"children": [0]
		},
		{
			"name": "top",
			"origin": [8, -0.25, 16],
			"color": 0,
			"nbt": "{}",
			"children": [1, 2]
		}
	]
}