{
	"texture_size": [64, 64],
	"textures": {
		"0": "item/furniture/tables/carpentry_table",
		"particle": "item/furniture/tables/carpentry_table"
	},
	"elements": [
		{
			"from": [1, 0, 1],
			"to": [4, 2, 15],
			"rotation": {"angle": 0, "axis": "y", "origin": [1, 0, 0]},
			"faces": {
				"north": {"uv": [2.75, 8, 3.5, 8.5], "texture": "#0"},
				"east": {"uv": [7, 3, 10.5, 3.5], "texture": "#0"},
				"south": {"uv": [8, 4.75, 8.75, 5.25], "texture": "#0"},
				"west": {"uv": [7, 3.5, 10.5, 4], "texture": "#0"},
				"up": {"uv": [4.75, 6.5, 4, 3], "texture": "#0"},
				"down": {"uv": [5.5, 3, 4.75, 6.5], "texture": "#0"}
			}
		},
		{
			"from": [12, 0, 1],
			"to": [15, 2, 15],
			"rotation": {"angle": 0, "axis": "y", "origin": [12, 0, 0]},
			"faces": {
				"north": {"uv": [2.75, 8, 3.5, 8.5], "texture": "#0"},
				"east": {"uv": [7, 3, 10.5, 3.5], "texture": "#0"},
				"south": {"uv": [8, 4.75, 8.75, 5.25], "texture": "#0"},
				"west": {"uv": [7, 3.5, 10.5, 4], "texture": "#0"},
				"up": {"uv": [4.75, 6.5, 4, 3], "texture": "#0"},
				"down": {"uv": [5.5, 3, 4.75, 6.5], "texture": "#0"}
			}
		},
		{
			"from": [12.5, 2, 1.5],
			"to": [14.5, 13, 4.5],
			"rotation": {"angle": 0, "axis": "y", "origin": [12, 2, -0.5]},
			"faces": {
				"north": {"uv": [7, 4, 7.5, 6.75], "texture": "#0"},
				"east": {"uv": [5.5, 3, 6.25, 5.75], "texture": "#0"},
				"south": {"uv": [7, 6.75, 7.5, 9.5], "texture": "#0"},
				"west": {"uv": [5.5, 5.75, 6.25, 8.5], "texture": "#0"},
				"up": {"uv": [4, 8.75, 3.5, 8], "texture": "#0"},
				"down": {"uv": [8.5, 5.25, 8, 6], "texture": "#0"}
			}
		},
		{
			"from": [3.5, 5, 2.5],
			"to": [12.5, 7, 3.5],
			"rotation": {"angle": 0, "axis": "y", "origin": [9, 2, -1]},
			"faces": {
				"north": {"uv": [8, 4, 10.25, 4.5], "texture": "#0"},
				"east": {"uv": [3, 9.25, 3.25, 9.75], "texture": "#missing"},
				"south": {"uv": [8, 4, 10.25, 4.5], "texture": "#0"},
				"west": {"uv": [9.25, 3, 9.5, 3.5], "texture": "#missing"},
				"up": {"uv": [3, 8.75, 0.75, 8.5], "texture": "#0"},
				"down": {"uv": [3, 8.75, 0.75, 9], "texture": "#0"}
			}
		},
		{
			"from": [3.5, 5, 12.5],
			"to": [12.5, 7, 13.5],
			"rotation": {"angle": 0, "axis": "y", "origin": [9, 2, 9]},
			"faces": {
				"north": {"uv": [8, 4, 10.25, 4.5], "texture": "#0"},
				"east": {"uv": [3, 9.25, 3.25, 9.75], "texture": "#missing"},
				"south": {"uv": [0.5, 9, 2.75, 9.5], "texture": "#0"},
				"west": {"uv": [9.25, 3, 9.5, 3.5], "texture": "#missing"},
				"up": {"uv": [3, 8.75, 0.75, 8.5], "texture": "#0"},
				"down": {"uv": [3, 8.75, 0.75, 9], "texture": "#0"}
			}
		},
		{
			"from": [12.5, 2, 11.5],
			"to": [14.5, 13, 14.5],
			"rotation": {"angle": 0, "axis": "y", "origin": [12, 2, 9.5]},
			"faces": {
				"north": {"uv": [7.5, 4, 8, 6.75], "texture": "#0"},
				"east": {"uv": [6.25, 3, 7, 5.75], "texture": "#0"},
				"south": {"uv": [7.5, 6.75, 8, 9.5], "texture": "#0"},
				"west": {"uv": [6.25, 5.75, 7, 8.5], "texture": "#0"},
				"up": {"uv": [8.5, 6.75, 8, 6], "texture": "#0"},
				"down": {"uv": [8.5, 6.75, 8, 7.5], "texture": "#0"}
			}
		},
		{
			"from": [1.5, 2, 1.5],
			"to": [3.5, 13, 4.5],
			"rotation": {"angle": 0, "axis": "y", "origin": [1, 2, -0.5]},
			"faces": {
				"north": {"uv": [0, 8, 0.5, 10.75], "texture": "#0"},
				"east": {"uv": [4, 6.5, 4.75, 9.25], "texture": "#0"},
				"south": {"uv": [8, 0, 8.5, 2.75], "texture": "#0"},
				"west": {"uv": [4.75, 6.5, 5.5, 9.25], "texture": "#0"},
				"up": {"uv": [8.5, 8.25, 8, 7.5], "texture": "#0"},
				"down": {"uv": [8.5, 8.25, 8, 9], "texture": "#0"}
			}
		},
		{
			"from": [1.5, 2, 11.5],
			"to": [3.5, 13, 14.5],
			"rotation": {"angle": 0, "axis": "y", "origin": [1, 2, 9.5]},
			"faces": {
				"north": {"uv": [7.5, 4, 8, 6.75], "texture": "#0"},
				"east": {"uv": [6.25, 3, 7, 5.75], "texture": "#0"},
				"south": {"uv": [7.5, 6.75, 8, 9.5], "texture": "#0"},
				"west": {"uv": [6.25, 5.75, 7, 8.5], "texture": "#0"},
				"up": {"uv": [8.5, 6.75, 8, 6], "texture": "#0"},
				"down": {"uv": [8.5, 6.75, 8, 7.5], "texture": "#0"}
			}
		},
		{
			"from": [0, 13, 0],
			"to": [16, 16, 16],
			"faces": {
				"north": {"uv": [4, 0, 8, 0.75], "texture": "#0"},
				"east": {"uv": [4, 0.75, 8, 1.5], "texture": "#0"},
				"south": {"uv": [4, 1.5, 8, 2.25], "texture": "#0"},
				"west": {"uv": [4, 2.25, 8, 3], "texture": "#0"},
				"up": {"uv": [4, 4, 0, 0], "texture": "#0"},
				"down": {"uv": [4, 4, 0, 8], "texture": "#0"}
			}
		},
		{
			"from": [10, 16, 9],
			"to": [13, 18, 11],
			"rotation": {"angle": -22.5, "axis": "y", "origin": [11.5, 17, 8.75]},
			"faces": {
				"north": {"uv": [5.5, 9.75, 6.25, 10.25], "texture": "#0"},
				"east": {"uv": [5.5, 8.5, 6, 9], "texture": "#0"},
				"south": {"uv": [5.5, 8.5, 6.25, 9], "texture": "#0"},
				"west": {"uv": [5.5, 8.5, 6, 9], "texture": "#0"},
				"up": {"uv": [5.5, 8.5, 6.25, 9], "texture": "#0"},
				"down": {"uv": [5.5, 8.5, 6.25, 9], "texture": "#0"}
			}
		},
		{
			"from": [2.55238, 16.25, 1.70933],
			"to": [6.55238, 16.25, 13.70933],
			"rotation": {"angle": 22.5, "axis": "y", "origin": [5.55238, 16.25, 8.20933]},
			"faces": {
				"north": {"uv": [0, 0.25, 1.25, 0.25], "texture": "#missing"},
				"east": {"uv": [0, 0.25, 3.25, 0.25], "texture": "#missing"},
				"south": {"uv": [0, 0.25, 1.25, 0.25], "texture": "#missing"},
				"west": {"uv": [0, 0.25, 3.25, 0.25], "texture": "#missing"},
				"up": {"uv": [8.5, 5.5, 9.75, 8.75], "texture": "#0"},
				"down": {"uv": [0, 0.25, 1.25, 3.5], "texture": "#missing"}
			}
		},
		{
			"from": [11, 16.5, 5],
			"to": [12, 17.5, 9],
			"rotation": {"angle": -22.5, "axis": "y", "origin": [11.5, 17, 8.75]},
			"faces": {
				"north": {"uv": [5.5, 11.5, 5.75, 11.75], "texture": "#0"},
				"east": {"uv": [5.5, 10.25, 6.5, 10.5], "texture": "#0"},
				"south": {"uv": [5.5, 10.25, 5.75, 10.5], "texture": "#0"},
				"west": {"uv": [5.5, 10.25, 6.5, 10.5], "texture": "#0"},
				"up": {"uv": [5.5, 10.25, 5.75, 11.25], "texture": "#0"},
				"down": {"uv": [5.5, 10.25, 5.75, 11.25], "texture": "#0"}
			}
		}
	],
	"display": {
		"thirdperson_righthand": {
			"rotation": [75, 45, 0],
			"translation": [0, 2.5, 0],
			"scale": [0.375, 0.375, 0.375]
		},
		"thirdperson_lefthand": {
			"rotation": [75, 45, 0],
			"translation": [0, 2.5, 0],
			"scale": [0.375, 0.375, 0.375]
		},
		"firstperson_righthand": {
			"rotation": [0, 45, 0],
			"scale": [0.4, 0.4, 0.4]
		},
		"firstperson_lefthand": {
			"rotation": [0, 225, 0],
			"scale": [0.4, 0.4, 0.4]
		},
		"ground": {
			"translation": [0, 3, 0],
			"scale": [0.25, 0.25, 0.25]
		},
		"gui": {
			"rotation": [30, 225, 0],
			"scale": [0.625, 0.625, 0.625]
		},
		"fixed": {
			"rotation": [-90, 0, 0],
			"translation": [0, 0, -16],
			"scale": [2, 2, 2]
		}
	}
}