{
	"texture_size": [64, 64],
	"textures": {
		"0": "item/furniture/tables/cherry_table_center_post",
		"particle": "item/furniture/tables/cherry_table_center_post"
	},
	"elements": [
		{
			"from": [5, 0, 5],
			"to": [11, 7, 11],
			"rotation": {"angle": 0, "axis": "y", "origin": [8, 1, 8]},
			"faces": {
				"north": {"uv": [6, 6.5, 7.5, 8.25], "texture": "#0"},
				"east": {"uv": [6, 6.5, 7.5, 8.25], "texture": "#0"},
				"south": {"uv": [6, 6.5, 7.5, 8.25], "texture": "#0"},
				"west": {"uv": [6, 6.5, 7.5, 8.25], "texture": "#0"},
				"up": {"uv": [9, 6.25, 7.5, 4.75], "texture": "#0"},
				"down": {"uv": [9, 6.25, 7.5, 7.75], "texture": "#0"}
			}
		},
		{
			"from": [5.5, 7, 5.5],
			"to": [10.5, 13, 10.5],
			"rotation": {"angle": 0, "axis": "y", "origin": [8, 7, 8]},
			"faces": {
				"north": {"uv": [8.75, 7.75, 10, 9.25], "texture": "#0"},
				"east": {"uv": [8.75, 7.75, 10, 9.25], "texture": "#0"},
				"south": {"uv": [8.75, 7.75, 10, 9.25], "texture": "#0"},
				"west": {"uv": [8.75, 7.75, 10, 9.25], "texture": "#0"}
			}
		},
		{
			"from": [-4, 13, -4],
			"to": [20, 16, 20],
			"rotation": {"angle": 0, "axis": "y", "origin": [8, 14, 8]},
			"faces": {
				"north": {"uv": [6, 0, 12, 0.75], "texture": "#0"},
				"east": {"uv": [6, 0, 12, 0.75], "texture": "#0"},
				"south": {"uv": [6, 0, 12, 0.75], "texture": "#0"},
				"west": {"uv": [6, 0, 12, 0.75], "texture": "#0"},
				"up": {"uv": [6, 6, 0, 0], "texture": "#0"},
				"down": {"uv": [6, 0, 0, 6], "texture": "#0"}
			}
		}
	],
	"display": {
		"thirdperson_righthand": {
			"rotation": [75, 45, 0],
			"translation": [0, 2.5, 0],
			"scale": [0.375, 0.375, 0.375]
		},
		"thirdperson_lefthand": {
			"rotation": [75, 45, 0],
			"translation": [0, 2.5, 0],
			"scale": [0.375, 0.375, 0.375]
		},
		"firstperson_righthand": {
			"rotation": [0, 45, 0],
			"translation": [0.5, 0, -2],
			"scale": [0.4, 0.4, 0.4]
		},
		"firstperson_lefthand": {
			"rotation": [0, 45, 0],
			"translation": [0.5, 0, -2],
			"scale": [0.4, 0.4, 0.4]
		},
		"ground": {
			"translation": [0, 3, 0],
			"scale": [0.25, 0.25, 0.25]
		},
		"gui": {
			"rotation": [30, 225, 0],
			"translation": [0, -1.5, 0],
			"scale": [0.45, 0.45, 0.45]
		},
		"head": {
			"translation": [0, 14.5, 0]
		},
		"fixed": {
			"rotation": [-90, 0, 0],
			"translation": [0, 0, -16],
			"scale": [2, 2, 2]
		}
	}
}