{
	"texture_size": [32, 32],
	"textures": {
		"0": "item/furniture/tables/small_oak_table",
		"particle": "item/furniture/tables/small_oak_table"
	},
	"elements": [
		{
			"from": [13, 0, 1],
			"to": [15, 14, 3],
			"faces": {
				"north": {"uv": [0, 5, 1, 12], "texture": "#0"},
				"east": {"uv": [1, 5, 2, 12], "texture": "#0"},
				"south": {"uv": [2, 5, 3, 12], "texture": "#0"},
				"west": {"uv": [3, 5, 4, 12], "texture": "#0"},
				"down": {"uv": [4, 6, 5, 5], "rotation": 90, "texture": "#0"}
			}
		},
		{
			"from": [13, 0, 13],
			"to": [15, 14, 15],
			"faces": {
				"north": {"uv": [0, 5, 1, 12], "texture": "#0"},
				"east": {"uv": [1, 5, 2, 12], "texture": "#0"},
				"south": {"uv": [2, 5, 3, 12], "texture": "#0"},
				"west": {"uv": [3, 5, 4, 12], "texture": "#0"},
				"down": {"uv": [5, 6, 4, 5], "rotation": 90, "texture": "#0"}
			}
		},
		{
			"from": [1, 0, 13],
			"to": [3, 14, 15],
			"faces": {
				"north": {"uv": [0, 5, 1, 12], "texture": "#0"},
				"east": {"uv": [1, 5, 2, 12], "texture": "#0"},
				"south": {"uv": [2, 5, 3, 12], "texture": "#0"},
				"west": {"uv": [3, 5, 4, 12], "texture": "#0"},
				"down": {"uv": [4, 6, 5, 5], "rotation": 90, "texture": "#0"}
			}
		},
		{
			"from": [1, 0, 1],
			"to": [3, 14, 3],
			"faces": {
				"north": {"uv": [0, 5, 1, 12], "texture": "#0"},
				"east": {"uv": [1, 5, 2, 12], "texture": "#0"},
				"south": {"uv": [2, 5, 3, 12], "texture": "#0"},
				"west": {"uv": [3, 5, 4, 12], "texture": "#0"},
				"down": {"uv": [4, 5, 5, 6], "rotation": 90, "texture": "#0"}
			}
		},
		{
			"from": [13, 14, 0],
			"to": [16, 16, 16],
			"faces": {
				"north": {"uv": [10.5, 8, 12, 9], "texture": "#0"},
				"east": {"uv": [4, 8, 12, 9], "texture": "#0"},
				"south": {"uv": [5.5, 8, 4, 9], "texture": "#0"},
				"west": {"uv": [4, 8, 12, 9], "texture": "#0"},
				"up": {"uv": [6.5, 8, 5, 0], "texture": "#0"},
				"down": {"uv": [8, 0, 6.5, 8], "texture": "#0"}
			}
		},
		{
			"from": [0, 14, 0],
			"to": [3, 16, 16],
			"faces": {
				"north": {"uv": [10.5, 8, 12, 9], "texture": "#0"},
				"east": {"uv": [4, 8, 12, 9], "texture": "#0"},
				"south": {"uv": [4, 8, 5.5, 9], "texture": "#0"},
				"west": {"uv": [4, 8, 12, 9], "texture": "#0"},
				"up": {"uv": [8, 8, 6.5, 0], "texture": "#0"},
				"down": {"uv": [8, 0, 6.5, 8], "texture": "#0"}
			}
		},
		{
			"from": [3, 14, 0],
			"to": [13, 16, 3],
			"faces": {
				"north": {"uv": [5.5, 8, 10.5, 9], "texture": "#0"},
				"south": {"uv": [5.5, 8, 10.5, 9], "texture": "#0"},
				"up": {"uv": [13, 1.5, 8, 0], "texture": "#0"},
				"down": {"uv": [13, 0, 8, 1.5], "texture": "#0"}
			}
		},
		{
			"from": [3, 14, 13],
			"to": [13, 16, 16],
			"faces": {
				"north": {"uv": [5.5, 8, 10.5, 9], "texture": "#0"},
				"south": {"uv": [5.5, 8, 10.5, 9], "texture": "#0"},
				"up": {"uv": [13, 3, 8, 1.5], "texture": "#0"},
				"down": {"uv": [13, 1.5, 8, 3], "texture": "#0"}
			}
		},
		{
			"from": [3, 14, 3],
			"to": [13, 16, 13],
			"faces": {
				"up": {"uv": [5, 5, 0, 0], "texture": "#0"},
				"down": {"uv": [5, 0, 0, 5], "texture": "#0"}
			}
		}
	],
	"display": {
		"thirdperson_righthand": {
			"rotation": [75, 45, 0],
			"translation": [0, 2.5, 0],
			"scale": [0.375, 0.375, 0.375]
		},
		"thirdperson_lefthand": {
			"rotation": [75, 45, 0],
			"translation": [0, 2.5, 0],
			"scale": [0.375, 0.375, 0.375]
		},
		"firstperson_righthand": {
			"rotation": [0, 45, 0],
			"scale": [0.4, 0.4, 0.4]
		},
		"firstperson_lefthand": {
			"rotation": [0, 225, 0],
			"scale": [0.4, 0.4, 0.4]
		},
		"ground": {
			"translation": [0, 3, 0],
			"scale": [0.25, 0.25, 0.25]
		},
		"gui": {
			"rotation": [30, 225, 0],
			"scale": [0.625, 0.625, 0.625]
		},
		"fixed": {
			"rotation": [-90, 0, 0],
			"translation": [0, 0, -16],
			"scale": [2, 2, 2]
		}
	}
}