{
	"credit": "Made with Blockbench",
	"texture_size": [128, 128],
	"textures": {
		"0": "item/furniture/tables/wooden_warped_picnic_table",
		"particle": "item/furniture/tables/wooden_warped_picnic_table"
	},
	"elements": [
		{
			"from": [-8, 14, -4],
			"to": [24, 16, 20],
			"faces": {
				"north": {"uv": [4.5, 2.5, 8.5, 2.75], "texture": "#0"},
				"east": {"uv": [5.5, 3.5, 8.5, 3.75], "texture": "#0"},
				"south": {"uv": [4.5, 2.75, 8.5, 3], "texture": "#0"},
				"west": {"uv": [8.5, 3.5, 5.5, 3.75], "texture": "#0"},
				"up": {"uv": [4, 3, 0, 0], "texture": "#0"},
				"down": {"uv": [4, 0, 0, 3], "texture": "#0"}
			}
		},
		{
			"from": [-6, 4, -10],
			"to": [-4, 6, 26],
			"faces": {
				"north": {"uv": [1.5, 6.5, 1.75, 6.75], "texture": "#0"},
				"east": {"uv": [4, 2, 8.5, 2.25], "texture": "#0"},
				"south": {"uv": [1.75, 6.5, 2, 6.75], "texture": "#0"},
				"west": {"uv": [4, 2.25, 8.5, 2.5], "texture": "#0"},
				"up": {"uv": [4.25, 7, 4, 2.5], "texture": "#0"},
				"down": {"uv": [4.5, 2.5, 4.25, 7], "texture": "#0"}
			}
		},
		{
			"from": [-6.75, 0, 6.25],
			"to": [-3.25, 14, 9.75],
			"faces": {
				"north": {"uv": [5, 3.5, 5.5, 5.25], "texture": "#0"},
				"east": {"uv": [5, 3.5, 5.5, 5.25], "texture": "#0"},
				"south": {"uv": [5, 3.5, 5.5, 5.25], "texture": "#0"},
				"west": {"uv": [5, 3.5, 5.5, 5.25], "texture": "#0"},
				"up": {"uv": [6, 6.25, 5.5, 5.75], "texture": "#0"},
				"down": {"uv": [6.5, 5.75, 6, 6.25], "texture": "#0"}
			}
		},
		{
			"from": [19.25, 0, 6.25],
			"to": [22.75, 14, 9.75],
			"rotation": {"angle": 0, "axis": "y", "origin": [26, 0, 0]},
			"faces": {
				"north": {"uv": [5, 3.5, 5.5, 5.25], "texture": "#0"},
				"east": {"uv": [5, 3.5, 5.5, 5.25], "texture": "#0"},
				"south": {"uv": [5, 3.5, 5.5, 5.25], "texture": "#0"},
				"west": {"uv": [5, 3.5, 5.5, 5.25], "texture": "#0"},
				"up": {"uv": [6, 6.25, 5.5, 5.75], "texture": "#0"},
				"down": {"uv": [6.5, 5.75, 6, 6.25], "texture": "#0"}
			}
		},
		{
			"from": [20, 4, -10],
			"to": [22, 6, 26],
			"faces": {
				"north": {"uv": [1.5, 6.5, 1.75, 6.75], "texture": "#0"},
				"east": {"uv": [4, 2.25, 8.5, 2.5], "texture": "#0"},
				"south": {"uv": [1.75, 6.5, 2, 6.75], "texture": "#0"},
				"west": {"uv": [4, 2.25, 8.5, 2.5], "texture": "#0"},
				"up": {"uv": [4.25, 7, 4, 2.5], "texture": "#0"},
				"down": {"uv": [4.5, 2.5, 4.25, 7], "texture": "#0"}
			}
		},
		{
			"from": [20, 13, -4],
			"to": [22, 14, 20],
			"rotation": {"angle": 0, "axis": "y", "origin": [0, 8, 0]},
			"faces": {
				"north": {"uv": [0.75, 7, 1, 7.125], "texture": "#0"},
				"east": {"uv": [0.5, 6.875, 3.5, 7], "texture": "#0"},
				"south": {"uv": [0.5, 7, 0.75, 7.125], "texture": "#0"},
				"west": {"uv": [0.5, 6.75, 3.5, 6.875], "texture": "#0"},
				"up": {"uv": [0, 6.75, 0.25, 9.75], "texture": "#0"},
				"down": {"uv": [0.25, 6.75, 0.5, 9.75], "texture": "#0"}
			}
		},
		{
			"from": [-6, 13, -4],
			"to": [-4, 14, 20],
			"rotation": {"angle": 0, "axis": "y", "origin": [-26, 8, 0]},
			"faces": {
				"north": {"uv": [0.75, 7, 1, 7.125], "texture": "#0"},
				"east": {"uv": [0.5, 6.875, 3.5, 7], "texture": "#0"},
				"south": {"uv": [0.5, 7, 0.75, 7.125], "texture": "#0"},
				"west": {"uv": [0.5, 6.75, 3.5, 6.875], "texture": "#0"},
				"up": {"uv": [0, 6.75, 0.25, 9.75], "texture": "#0"},
				"down": {"uv": [0.25, 6.75, 0.5, 9.75], "texture": "#0"}
			}
		},
		{
			"from": [-3.25, 4, 7],
			"to": [19.25, 6, 9],
			"rotation": {"angle": 0, "axis": "y", "origin": [12.75, 5, 8]},
			"faces": {
				"north": {"uv": [5.5, 4, 8.25, 4.25], "texture": "#0"},
				"east": {"uv": [1, 6.5, 1.25, 6.75], "texture": "#0"},
				"south": {"uv": [5.5, 4, 8.25, 4.25], "texture": "#0"},
				"west": {"uv": [1.25, 6.5, 1.5, 6.75], "texture": "#0"},
				"up": {"uv": [5.5, 4, 8.25, 4.25], "texture": "#0"},
				"down": {"uv": [4.25, 3.75, 4.5, 6.5], "rotation": 90, "texture": "#0"}
			}
		},
		{
			"from": [-4, 5, 22],
			"to": [20, 6, 24],
			"rotation": {"angle": 0, "axis": "y", "origin": [12, 5, 23]},
			"faces": {
				"north": {"uv": [5.5, 5.5, 8.5, 5.625], "texture": "#0"},
				"east": {"uv": [2, 6.5, 2.25, 6.625], "texture": "#0"},
				"south": {"uv": [5.5, 5.625, 8.5, 5.75], "texture": "#0"},
				"west": {"uv": [2.25, 6.5, 2.5, 6.625], "texture": "#0"},
				"up": {"uv": [8.5, 5.25, 5.5, 5], "texture": "#0"},
				"down": {"uv": [4.25, 6.25, 4.5, 3.25], "rotation": 90, "texture": "#0"}
			}
		},
		{
			"from": [-4, 5, -8],
			"to": [20, 6, -6],
			"rotation": {"angle": 0, "axis": "y", "origin": [12, 5, -7]},
			"faces": {
				"north": {"uv": [5.5, 5.5, 8.5, 5.625], "texture": "#0"},
				"east": {"uv": [2, 6.5, 2.25, 6.625], "texture": "#0"},
				"south": {"uv": [5.5, 5.625, 8.5, 5.75], "texture": "#0"},
				"west": {"uv": [2.25, 6.5, 2.5, 6.625], "texture": "#0"},
				"up": {"uv": [8.5, 5.25, 5.5, 5], "texture": "#0"},
				"down": {"uv": [4.25, 6.25, 4.5, 3.25], "rotation": 90, "texture": "#0"}
			}
		},
		{
			"from": [-3.25, 12, 7],
			"to": [19.25, 14, 9],
			"rotation": {"angle": 0, "axis": "y", "origin": [12.75, 13, 8]},
			"faces": {
				"north": {"uv": [5.5, 4, 8.25, 4.25], "texture": "#0"},
				"east": {"uv": [1, 6.5, 1.25, 6.75], "texture": "#0"},
				"south": {"uv": [5.5, 4, 8.25, 4.25], "texture": "#0"},
				"west": {"uv": [1.25, 6.5, 1.5, 6.75], "texture": "#0"},
				"up": {"uv": [5.5, 4, 8.25, 4.25], "texture": "#0"},
				"down": {"uv": [4.25, 3.75, 4.5, 6.5], "rotation": 90, "texture": "#0"}
			}
		},
		{
			"from": [-8, 6, -11],
			"to": [24, 8, -3],
			"faces": {
				"north": {"uv": [4.5, 2.5, 8.5, 2.75], "texture": "#0"},
				"east": {"uv": [5.5, 6.25, 6.5, 6.5], "texture": "#0"},
				"south": {"uv": [4.5, 2.75, 8.5, 3], "texture": "#0"},
				"west": {"uv": [1, 6.5, 0, 6.75], "texture": "#0"},
				"up": {"uv": [8, 1, 4, 0], "texture": "#0"},
				"down": {"uv": [4, 0, 8, 1], "texture": "#0"}
			}
		},
		{
			"from": [-8, 6, 19],
			"to": [24, 8, 27],
			"faces": {
				"north": {"uv": [4.5, 2.5, 8.5, 2.75], "texture": "#0"},
				"east": {"uv": [5.5, 6.25, 6.5, 6.5], "texture": "#0"},
				"south": {"uv": [4.5, 2.75, 8.5, 3], "texture": "#0"},
				"west": {"uv": [1, 6.5, 0, 6.75], "texture": "#0"},
				"up": {"uv": [8, 1, 4, 0], "texture": "#0"},
				"down": {"uv": [8, 0, 4, 1], "texture": "#0"}
			}
		}
	],
	"display": {
		"thirdperson_righthand": {
			"rotation": [0, 41, 0],
			"translation": [0, 0.5, -1.25],
			"scale": [0.18, 0.18, 0.18]
		},
		"thirdperson_lefthand": {
			"rotation": [0, 41, 0],
			"translation": [0, 0.5, -1.25],
			"scale": [0.18, 0.18, 0.18]
		},
		"firstperson_righthand": {
			"rotation": [0, 45, 0],
			"scale": [0.24, 0.24, 0.24]
		},
		"firstperson_lefthand": {
			"rotation": [0, 45, 0],
			"scale": [0.24, 0.24, 0.24]
		},
		"ground": {
			"translation": [0, 3, 0],
			"scale": [0.25, 0.25, 0.25]
		},
		"gui": {
			"rotation": [30, 225, 0],
			"scale": [0.31, 0.31, 0.31]
		},
		"head": {
			"translation": [0, 9.75, 0],
			"scale": [0.43, 0.43, 0.43]
		},
		"fixed": {
			"rotation": [-90, 0, 0],
			"translation": [16, 16, -16],
			"scale": [2, 2, 2]
		}
	}
}