{
	"texture_size": [64, 64],
	"textures": {
		"0": "item/furniture/misc/cut_paleoak_planks",
		"particle": "item/furniture/misc/cut_paleoak_planks"
	},
	"elements": [
		{
			"from": [0, 0, -8],
			"to": [5, 1, 24],
			"rotation": {"angle": 0, "axis": "y", "origin": [0, 0, -8]},
			"faces": {
				"north": {"uv": [2.5, 0.5, 3.75, 0.75], "texture": "#0"},
				"east": {"uv": [2.5, 0, 10.5, 0.25], "texture": "#0"},
				"south": {"uv": [2.5, 0.75, 3.75, 1], "texture": "#0"},
				"west": {"uv": [2.5, 0.25, 10.5, 0.5], "texture": "#0"},
				"up": {"uv": [1.25, 8, 0, 0], "texture": "#0"},
				"down": {"uv": [2.5, 0, 1.25, 8], "texture": "#0"}
			}
		},
		{
			"from": [6, 0, -8],
			"to": [11, 1, 24],
			"rotation": {"angle": 0, "axis": "y", "origin": [0, 0, -8]},
			"faces": {
				"north": {"uv": [2.5, 0.5, 3.75, 0.75], "texture": "#0"},
				"east": {"uv": [2.5, 0, 10.5, 0.25], "texture": "#0"},
				"south": {"uv": [2.5, 0.75, 3.75, 1], "texture": "#0"},
				"west": {"uv": [2.5, 0.25, 10.5, 0.5], "texture": "#0"},
				"up": {"uv": [1.25, 8, 0, 0], "texture": "#0"},
				"down": {"uv": [2.5, 0, 1.25, 8], "texture": "#0"}
			}
		},
		{
			"from": [2, 1, -8],
			"to": [7, 2, 24],
			"rotation": {"angle": 22.5, "axis": "y", "origin": [4.5, 1.5, 8]},
			"faces": {
				"north": {"uv": [2.5, 0.5, 3.75, 0.75], "texture": "#0"},
				"east": {"uv": [2.5, 0, 10.5, 0.25], "texture": "#0"},
				"south": {"uv": [2.5, 0.75, 3.75, 1], "texture": "#0"},
				"west": {"uv": [2.5, 0.25, 10.5, 0.5], "texture": "#0"},
				"up": {"uv": [2.5, 8, 1.25, 0], "texture": "#0"},
				"down": {"uv": [1.25, 0, 0, 8], "texture": "#0"}
			}
		},
		{
			"from": [1.5, 2, -8],
			"to": [6.5, 3, 24],
			"rotation": {"angle": 0, "axis": "y", "origin": [4, 2.5, 8]},
			"faces": {
				"north": {"uv": [2.5, 0.5, 3.75, 0.75], "texture": "#0"},
				"east": {"uv": [2.5, 0, 10.5, 0.25], "texture": "#0"},
				"south": {"uv": [2.5, 0.75, 3.75, 1], "texture": "#0"},
				"west": {"uv": [2.5, 0.25, 10.5, 0.5], "texture": "#0"},
				"up": {"uv": [2.5, 8, 1.25, 0], "texture": "#0"},
				"down": {"uv": [1.25, 0, 0, 8], "texture": "#0"}
			}
		},
		{
			"from": [12, 1, -10],
			"to": [17, 2, 22],
			"rotation": {"angle": -22.5, "axis": "z", "origin": [14.5, 1.5, 6]},
			"faces": {
				"north": {"uv": [2.5, 0.5, 3.75, 0.75], "texture": "#0"},
				"east": {"uv": [2.5, 0, 10.5, 0.25], "texture": "#0"},
				"south": {"uv": [2.5, 0.75, 3.75, 1], "texture": "#0"},
				"west": {"uv": [2.5, 0.25, 10.5, 0.5], "texture": "#0"},
				"up": {"uv": [1.25, 8, 2.5, 0], "rotation": 180, "texture": "#0"},
				"down": {"uv": [0, 0, 1.25, 8], "texture": "#0"}
			}
		},
		{
			"from": [0.16449, 0.59743, -5],
			"to": [15.16449, 1.59743, 0],
			"rotation": {"angle": -22.5, "axis": "z", "origin": [12.66449, 1.09743, -2.5]},
			"faces": {
				"north": {"uv": [2.5, 0, 6.25, 0.25], "texture": "#0"},
				"east": {"uv": [2.5, 0.5, 3.75, 0.75], "texture": "#0"},
				"south": {"uv": [2.5, 0.25, 6.25, 0.5], "texture": "#0"},
				"west": {"uv": [2.5, 0.75, 3.75, 1], "texture": "#0"},
				"up": {"uv": [3.75, 4.75, 2.5, 1], "rotation": 90, "texture": "#0"},
				"down": {"uv": [5, 1, 3.75, 4.75], "rotation": 90, "texture": "#0"}
			}
		}
	],
	"display": {
		"thirdperson_righthand": {
			"rotation": [75, 45, 0],
			"translation": [0, 2.5, 1.25],
			"scale": [0.375, 0.375, 0.375]
		},
		"thirdperson_lefthand": {
			"rotation": [75, 45, 0],
			"translation": [0, 2.5, 1.25],
			"scale": [0.375, 0.375, 0.375]
		},
		"firstperson_righthand": {
			"rotation": [0, 45, 0],
			"translation": [-1, 3.5, -1.25],
			"scale": [0.4, 0.4, 0.4]
		},
		"firstperson_lefthand": {
			"rotation": [0, 45, 0],
			"translation": [-1, 3.5, -1.25],
			"scale": [0.4, 0.4, 0.4]
		},
		"ground": {
			"translation": [0, 3, 0],
			"scale": [0.25, 0.25, 0.25]
		},
		"gui": {
			"rotation": [30, 135, 0],
			"translation": [0.25, 2.5, 0],
			"scale": [0.43, 0.43, 0.43]
		},
		"head": {
			"translation": [0, 14.5, 0]
		},
		"fixed": {
			"rotation": [-90, 0, 0],
			"translation": [0, -16, -16],
			"scale": [2, 2, 2]
		}
	}
}