{
	"textures": {
		"1": "item/furniture/misc/stone_brick_pile",
		"particle": "item/furniture/misc/stone_brick_pile"
	},
	"elements": [
		{
			"from": [-1, 0, 1],
			"to": [7, 8, 9],
			"rotation": {"angle": 22.5, "axis": "y", "origin": [3, 4, 5]},
			"faces": {
				"north": {"uv": [0, 8, 8, 16], "texture": "#1"},
				"east": {"uv": [0, 8, 8, 16], "texture": "#1"},
				"south": {"uv": [0, 8, 8, 16], "texture": "#1"},
				"west": {"uv": [0, 8, 8, 16], "texture": "#1"},
				"up": {"uv": [0, 8, 8, 16], "texture": "#1"},
				"down": {"uv": [0, 8, 8, 16], "texture": "#1"}
			}
		},
		{
			"from": [8.5, 3, 1.75],
			"to": [16.5, 11, 17.75],
			"rotation": {"angle": 45, "axis": "x", "origin": [12, 4, 13]},
			"faces": {
				"north": {"uv": [0, 0, 16, 8], "texture": "#1"},
				"east": {"uv": [0, 0, 16, 8], "texture": "#1"},
				"south": {"uv": [0, 0, 16, 8], "texture": "#1"},
				"west": {"uv": [0, 0, 16, 8], "texture": "#1"},
				"up": {"uv": [0, 0, 16, 8], "rotation": 90, "texture": "#1"},
				"down": {"uv": [0, 0, 16, 8], "rotation": 270, "texture": "#1"}
			}
		},
		{
			"from": [9, 0, -0.25],
			"to": [17, 8, 7.75],
			"rotation": {"angle": 0, "axis": "y", "origin": [13, 4, 5]},
			"faces": {
				"north": {"uv": [0, 8, 8, 16], "texture": "#1"},
				"east": {"uv": [0, 8, 8, 16], "texture": "#1"},
				"south": {"uv": [0, 8, 8, 16], "texture": "#1"},
				"west": {"uv": [0, 8, 8, 16], "texture": "#1"},
				"up": {"uv": [0, 8, 8, 16], "texture": "#1"},
				"down": {"uv": [0, 8, 8, 16], "texture": "#1"}
			}
		},
		{
			"from": [-0.46297, 8, -1.67251],
			"to": [7.03703, 15.5, 5.82749],
			"rotation": {"angle": -45, "axis": "y", "origin": [3.53703, 12, 4.32749]},
			"faces": {
				"north": {"uv": [0, 8, 8, 16], "texture": "#1"},
				"east": {"uv": [0, 8, 8, 16], "texture": "#1"},
				"south": {"uv": [0, 8, 8, 16], "texture": "#1"},
				"west": {"uv": [0, 8, 8, 16], "texture": "#1"},
				"up": {"uv": [0, 8, 8, 16], "texture": "#1"},
				"down": {"uv": [0, 8, 8, 16], "texture": "#1"}
			}
		}
	],
	"display": {
		"thirdperson_righthand": {
			"rotation": [75, 45, 0],
			"translation": [0, 1.5, 0],
			"scale": [0.35, 0.35, 0.35]
		},
		"thirdperson_lefthand": {
			"rotation": [75, 45, 0],
			"translation": [0, 1.5, 0],
			"scale": [0.35, 0.35, 0.35]
		},
		"firstperson_righthand": {
			"scale": [0.4, 0.4, 0.4]
		},
		"firstperson_lefthand": {
			"scale": [0.4, 0.4, 0.4]
		},
		"ground": {
			"translation": [0, 3, 0],
			"scale": [0.3, 0.3, 0.3]
		},
		"gui": {
			"rotation": [30, 135, 0],
			"translation": [1, 0.25, 0],
			"scale": [0.58, 0.58, 0.58]
		},
		"head": {
			"translation": [0, 14.25, -1.5]
		},
		"fixed": {
			"rotation": [-90, 0, 0],
			"translation": [0, 0, -16],
			"scale": [2, 2, 2]
		}
	}
}