{"textures":{"0":"bil:item/darkoak_chest.ajmodel/texture","particle":"bil:item/darkoak_chest.ajmodel/texture"},"elements":[{"from":[-3.25,8.0,-8.25],"to":[19.25,14.5,8.25],"faces":{"up":{"texture":"#0","tintindex":0,"uv":[11.0,4.0,5.5,0.0]},"west":{"texture":"#0","tintindex":0,"uv":[11.0,5.5,15.0,7.0]},"east":{"texture":"#0","tintindex":0,"uv":[11.0,4.0,15.0,5.5]},"south":{"texture":"#0","tintindex":0,"uv":[5.5,10.0,11.0,11.5]},"down":{"texture":"#0","tintindex":0,"uv":[11.0,4.0,5.5,8.0]},"north":{"texture":"#0","tintindex":0,"uv":[0.0,10.0,5.5,11.5]}},"rotation":{"axis":"y","angle":0.0,"origin":[8.0,9.25,0.0]}},{"from":[7.0,6.75,-8.75],"to":[9.0,9.75,-7.75],"faces":{"up":{"texture":"#0","tintindex":0,"uv":[11.75,14.25,12.25,14.5]},"west":{"texture":"#0","tintindex":0,"uv":[11.75,14.25,12.0,15.0]},"east":{"texture":"#0","tintindex":0,"uv":[11.75,14.25,12.0,15.0]},"south":{"texture":"#0","tintindex":0,"uv":[11.75,14.25,12.25,15.0]},"down":{"texture":"#0","tintindex":0,"uv":[11.75,14.25,12.25,14.5]},"north":{"texture":"#0","tintindex":0,"uv":[11.75,14.25,12.25,15.0]}},"rotation":{"axis":"y","angle":0.0,"origin":[8.0,6.75,-7.75]}}],"display":{"head":{"rotation":[0.0,180.0,0.0]}}}