{"textures":{"0":"bil:item/darkoak_chest.ajmodel/texture","particle":"bil:item/darkoak_chest.ajmodel/texture"},"elements":[{"from":[-3.0,8.0,1.0],"to":[19.0,16.0,17.0],"faces":{"up":{"texture":"#0","tintindex":0,"uv":[5.5,4.0,0.0,0.0]},"west":{"texture":"#0","tintindex":0,"uv":[11.0,2.0,15.0,4.0]},"east":{"texture":"#0","tintindex":0,"uv":[11.0,0.0,15.0,2.0]},"south":{"texture":"#0","tintindex":0,"uv":[5.5,8.0,11.0,10.0]},"down":{"texture":"#0","tintindex":0,"uv":[5.5,4.0,0.0,8.0]},"north":{"texture":"#0","tintindex":0,"uv":[0.0,8.0,5.5,10.0]}},"rotation":{"axis":"y","angle":0.0,"origin":[8.0,8.0,9.0]}}],"display":{"head":{"rotation":[0.0,180.0,0.0]}}}