{"variants":{"facing=east,half=bottom,open=true,powered=true,waterlogged=false":[{"model":"polymer:block/empty","x":0,"y":0,"uvlock":false,"weight":1}],"facing=east,half=bottom,open=true,powered=true,waterlogged=true":[{"model":"polymer:block/empty","x":0,"y":0,"uvlock":false,"weight":1}],"facing=north,half=bottom,open=true,powered=true,waterlogged=false":[{"model":"polymer:block/empty","x":0,"y":0,"uvlock":false,"weight":1}],"facing=north,half=bottom,open=true,powered=true,waterlogged=true":[{"model":"polymer:block/empty","x":0,"y":0,"uvlock":false,"weight":1}],"facing=south,half=bottom,open=true,powered=true,waterlogged=false":[{"model":"polymer:block/empty","x":0,"y":0,"uvlock":false,"weight":1}],"facing=south,half=bottom,open=true,powered=true,waterlogged=true":[{"model":"polymer:block/empty","x":0,"y":0,"uvlock":false,"weight":1}],"facing=west,half=bottom,open=false,powered=true,waterlogged=false":[{"model":"polymer:block/empty","x":0,"y":0,"uvlock":false,"weight":1}],"facing=west,half=bottom,open=false,powered=true,waterlogged=true":[{"model":"polymer:block/empty","x":0,"y":0,"uvlock":false,"weight":1}],"facing=west,half=bottom,open=true,powered=true,waterlogged=false":[{"model":"polymer:block/empty","x":0,"y":0,"uvlock":false,"weight":1}],"facing=west,half=bottom,open=true,powered=true,waterlogged=true":[{"model":"polymer:block/empty","x":0,"y":0,"uvlock":false,"weight":1}],"facing=west,half=top,open=false,powered=true,waterlogged=false":[{"model":"polymer:block/empty","x":0,"y":0,"uvlock":false,"weight":1}],"facing=west,half=top,open=false,powered=true,waterlogged=true":[{"model":"polymer:block/empty","x":0,"y":0,"uvlock":false,"weight":1}]}}